Nr.,Name,Wahlberechtigte,abgegeb. Stimmen,Wahlbet.,ungültige,gültige,SPÖ,ÖVP,GRÜNE,FPÖ,BZÖ,RETTÖ,LIF,KPÖ,DC,LINKE,FRITZ
40000,Land Oberösterreich,1088438,892455,81.99,24677,867778,264315,232153,85970,165139,78901,8162,11437,5386,7361,359,8595
40099,Wahlkarten Oberösterreich,0,48,0.0,48,0,0,0,0,0,0,0,0,0,0,0,0
4A000,Wahlkreis Linz und Umgebung,245598,194043,79.01,3690,190353,71676,34969,23588,34949,15481,1655,3680,1451,1171,108,1625
4A099,Wahlkarten Linz und Umgebung,0,3549,0.0,54,3495,899,826,754,468,282,21,157,28,16,1,43
4B000,Wahlkreis Innviertel,165085,130511,79.06,4115,126396,29720,40590,9734,28801,12047,1469,1069,613,955,48,1350
4B099,Wahlkarten Innviertel,0,1043,0.0,26,1017,137,302,282,115,104,11,36,8,10,2,10
4C000,Wahlkreis Hausruckviertel,266391,220102,82.62,6321,213781,61132,56972,19743,45644,20324,2034,2535,1215,2009,73,2100
4C099,Wahlkarten Hausruckviertel,0,2170,0.0,36,2134,413,579,527,284,174,17,85,12,16,1,26
4D000,Wahlkreis Traunviertel,197634,163130,82.54,4404,158726,52620,39792,15345,26902,15979,1514,2088,1117,1481,56,1832
4D099,Wahlkarten Traunviertel,0,1813,0.0,28,1785,351,450,446,216,178,12,69,18,21,2,22
4E000,Wahlkreis Mühlviertel,213730,184621,86.38,6099,178522,49167,59830,17560,28843,15070,1490,2065,990,1745,74,1688
4E099,Wahlkarten Mühlviertel,0,2020,0.0,56,1964,472,504,467,229,131,19,69,26,19,2,26
40100,Stadt Linz,142125,105490,74.22,1843,103647,40297,17101,14361,18457,7824,834,2293,962,580,73,865
40101,Linz,142125,96209,67.69,1713,94496,37496,14890,12599,17328,7232,754,1946,880,521,62,788
40199,Wahlkarten Linz,0,9281,0.0,130,9151,2801,2211,1762,1129,592,80,347,82,59,11,77
40200,Stadt Steyr                         ,28962,22172,76.56,446,21726,9406,3108,2213,3975,1979,187,362,172,111,10,203
40201,Steyr             ,28962,20765,71.7,430,20335,8937,2771,1989,3828,1872,170,301,163,103,9,192
40299,Wahlkarten Steyr                         ,0,1407,0.0,16,1391,469,337,224,147,107,17,61,9,8,1,11
40300,Stadt Wels                          ,40994,30856,75.27,543,30313,10846,5163,3325,6480,3135,183,526,218,189,13,235
40301,Wels,40994,28803,70.26,515,28288,10280,4628,2984,6186,2967,170,458,208,180,13,214
40399,Wahlkarten Wels                          ,0,2053,0.0,28,2025,566,535,341,294,168,13,68,10,9,0,21
40400,Bezirk Braunau am Inn                ,74829,56828,75.94,1871,54957,14130,16235,4338,11804,6034,653,491,265,376,24,607
40401,Altheim                       ,3873,2892,74.67,82,2810,860,630,169,735,305,32,17,3,30,2,27
40402,Aspach                        ,1869,1390,74.37,44,1346,250,566,59,302,105,16,16,2,11,1,18
40403,Auerbach                      ,411,310,75.43,9,301,38,129,27,75,21,2,1,0,5,0,3
40404,Braunau am Inn                ,12539,8091,64.53,190,7901,2723,1291,859,1836,836,101,81,53,44,1,76
40405,Burgkirchen                   ,2036,1477,72.54,53,1424,307,527,115,269,162,13,13,5,2,0,11
40406,Eggelsberg                    ,1670,1096,65.63,61,1035,218,336,82,191,150,19,10,8,6,0,15
40407,Feldkirchen bei Mattighofen   ,1499,1106,73.78,32,1074,180,400,70,245,134,12,2,5,11,1,14
40408,Franking                      ,670,493,73.58,23,470,70,185,28,111,44,2,10,4,2,0,14
40409,Geretsberg                    ,820,551,67.2,26,525,98,209,41,107,51,3,2,2,3,0,9
40410,Gilgenberg am Weilhart        ,978,670,68.51,22,648,92,275,25,125,107,6,4,5,1,0,8
40411,Haigermoos                    ,480,340,70.83,9,331,56,136,32,71,24,2,3,0,1,0,6
40412,Handenberg                    ,1033,743,71.93,25,718,123,318,32,125,84,8,0,6,15,0,7
40413,Helpfau-Uttendorf             ,2406,1714,71.24,72,1642,426,489,84,400,183,17,14,8,5,3,13
40414,Hochburg-Ach                  ,2268,1514,66.75,55,1459,285,572,119,243,170,24,13,11,7,1,14
40415,Höhnhart                      ,1117,796,71.26,30,766,172,282,29,195,66,3,1,4,9,1,4
40416,Jeging,483,390,80.75,11,379,106,116,12,79,45,5,2,5,3,0,6
40417,Kirchberg bei Mattighofen     ,860,667,77.56,25,642,81,252,40,155,86,3,5,5,5,0,10
40418,Lengau                        ,3422,2553,74.61,115,2438,804,512,177,550,288,31,23,13,17,1,22
40419,Lochen                        ,1931,1446,74.88,53,1393,220,523,109,291,187,16,15,6,10,0,16
40420,Maria Schmolln                ,1111,823,74.08,37,786,155,330,52,144,75,6,2,3,13,1,5
40421,Mattighofen                   ,3662,2512,68.6,54,2458,951,437,196,499,277,23,20,16,17,1,21
40422,Mauerkirchen                  ,1638,1100,67.16,28,1072,337,236,70,283,102,11,12,6,7,0,8
40423,Mining                        ,933,701,75.13,29,672,153,233,62,132,70,6,8,1,2,0,5
40424,Moosbach                      ,737,534,72.46,19,515,61,176,24,174,63,9,2,0,1,0,5
40425,Moosdorf                      ,1211,842,69.53,46,796,267,202,62,158,70,7,5,6,6,0,13
40426,Munderfing                    ,2072,1547,74.66,57,1490,435,458,95,265,165,26,15,4,9,1,17
40427,Neukirchen an der Enknach     ,1680,1225,72.92,27,1198,247,382,78,294,134,22,7,5,15,0,14
40428,Ostermiething                 ,2341,1513,64.63,60,1453,313,486,112,269,203,19,9,3,9,0,30
40429,Palting                       ,725,541,74.62,15,526,92,224,42,86,64,8,3,0,3,0,4
40430,Perwang am Grabensee          ,624,477,76.44,14,463,89,162,35,94,60,3,9,5,2,0,4
40431,Pfaffstätt                    ,752,547,72.74,16,531,139,152,28,100,85,7,6,2,4,0,8
40432,Pischelsdorf am Engelbach     ,1264,935,73.97,30,905,133,374,37,226,101,7,8,3,6,0,10
40433,Polling im Innkreis           ,716,556,77.65,17,539,136,206,18,123,32,5,3,3,2,1,10
40434,Roßbach                       ,772,595,77.07,25,570,152,211,14,141,37,6,1,2,2,0,4
40435,St.Georgen am Fillmannsbach   ,312,251,80.45,9,242,23,70,7,99,34,2,1,1,5,0,0
40436,St.Johann am Walde            ,1696,1275,75.18,67,1208,385,343,77,245,121,8,1,4,10,0,14
40437,St.Pantaleon                  ,2346,1652,70.42,50,1602,533,375,139,318,165,24,15,10,8,0,15
40438,St.Peter am Hart              ,1845,1299,70.41,59,1240,336,341,114,264,132,17,15,5,6,0,10
40439,St.Radegund                   ,465,359,77.2,12,347,33,205,28,26,38,4,5,3,2,1,2
40440,St.Veit im Innkreis           ,331,264,79.76,5,259,71,82,6,73,20,1,2,0,2,0,2
40441,Schalchen                     ,2815,2000,71.05,67,1933,597,435,165,388,256,19,23,13,14,0,23
40442,Schwand im Innkreis           ,681,517,75.92,12,505,75,222,31,110,49,6,1,3,3,1,4
40443,Tarsdorf                      ,1578,1062,67.3,52,1010,144,396,85,210,128,11,10,3,9,0,14
40444,Treubach                      ,597,445,74.54,14,431,56,204,11,100,48,1,1,1,7,0,2
40445,Überackern                    ,445,297,66.74,4,293,76,92,12,69,34,2,4,3,1,0,0
40446,Weng im Innkreis              ,1115,816,73.18,32,784,154,271,28,230,71,10,1,1,5,1,12
40499,Wahlkarten Braunau am Inn                ,0,3904,0.0,77,3827,878,1182,601,579,352,68,70,14,19,6,58
40500,Bezirk Eferding                      ,24923,21031,84.38,563,20468,6201,5765,1767,4115,1795,201,198,93,141,11,181
40501,Alkoven                       ,4224,3360,79.55,84,3276,1319,699,301,541,296,24,30,20,20,4,22
40502,Aschach an der Donau          ,1692,1359,80.32,22,1337,451,267,149,318,111,14,9,5,5,0,8
40503,Eferding                      ,2751,2016,73.28,57,1959,648,479,188,404,167,12,28,11,8,0,14
40504,Fraham                        ,1704,1380,80.99,30,1350,468,317,105,286,122,12,17,6,7,0,10
40505,Haibach ob der Donau          ,1068,852,79.78,28,824,234,300,71,119,65,13,6,4,2,1,9
40506,Hartkirchen                   ,3398,2798,82.34,95,2703,673,810,211,643,255,35,16,12,10,3,35
40507,Hinzenbach                    ,1529,1291,84.43,25,1266,418,384,72,249,103,6,11,1,13,0,9
40508,Prambachkirchen               ,2262,1833,81.03,53,1780,412,662,128,363,159,19,14,6,6,0,11
40509,Pupping                       ,1582,1254,79.27,29,1225,353,351,93,249,122,13,8,10,12,0,14
40510,St.Marienkirchen an d. Polsenz,1820,1482,81.43,37,1445,357,403,127,351,118,21,19,7,26,1,15
40511,Scharten                      ,1652,1358,82.2,22,1336,418,332,121,290,120,14,10,3,18,0,10
40512,Stroheim                      ,1241,1012,81.55,49,963,153,436,58,167,106,6,13,4,3,1,16
40599,Wahlkarten Eferding                      ,0,1036,0.0,32,1004,297,325,143,135,51,12,17,4,11,1,8
40600,Bezirk Freistadt                     ,51822,44755,86.36,1497,43258,12147,14641,3901,7230,3630,315,424,227,376,18,349
40601,Freistadt                     ,5848,4664,79.75,115,4549,1405,1174,590,793,430,32,46,20,26,3,30
40602,Grünbach                      ,1480,1194,80.68,51,1143,240,397,78,260,119,13,11,4,13,0,8
40603,Gutau                         ,2146,1710,79.68,43,1667,470,564,154,261,155,17,11,5,15,0,15
40604,Hagenberg im Mühlkreis        ,2097,1661,79.21,39,1622,529,346,215,321,128,18,16,20,15,1,13
40605,Hirschbach im Mühlkreis       ,919,758,82.48,44,714,156,311,66,89,59,7,6,4,7,1,8
40606,Kaltenberg                    ,510,448,87.84,19,429,32,270,10,72,39,2,1,1,0,0,2
40607,Kefermarkt                    ,1696,1407,82.96,48,1359,417,411,108,237,121,11,23,9,11,1,10
40608,Königswiesen                  ,2518,2031,80.66,68,1963,456,780,131,375,151,7,11,11,25,0,16
40609,Lasberg                       ,2269,1826,80.48,49,1777,422,698,159,287,133,15,20,5,19,1,18
40610,Leopoldschlag                 ,856,684,79.91,36,648,112,329,44,103,39,5,5,1,0,0,10
40611,Liebenau                      ,1450,1148,79.17,40,1108,290,519,34,158,69,5,9,6,9,0,9
40612,Neumarkt im Mühlkreis         ,2496,2051,82.17,82,1969,565,650,219,299,146,15,33,7,5,2,28
40613,Pierbach                      ,806,649,80.52,22,627,131,230,32,142,54,3,2,3,28,0,2
40614,Pregarten                     ,3944,3287,83.34,85,3202,1124,864,258,550,303,19,28,21,18,2,15
40615,Rainbach im Mühlkreis         ,2301,1823,79.23,86,1737,451,721,145,232,129,7,9,3,25,1,14
40616,Sandl                         ,1163,964,82.89,50,914,351,255,54,139,67,10,5,12,12,0,9
40617,St.Leonhard bei Freistadt     ,1178,982,83.36,27,955,267,367,48,158,86,6,7,5,5,0,6
40618,St.Oswald bei Freistadt       ,2130,1732,81.31,64,1668,509,532,83,338,144,14,8,7,20,0,13
40619,Schönau im Mühlkreis          ,1504,1288,85.64,33,1255,287,506,64,237,135,5,4,3,5,1,8
40620,Tragwein                      ,2439,2072,84.95,60,2012,701,685,149,285,118,12,20,13,18,0,11
40621,Unterweißenbach               ,1925,1587,82.44,64,1523,336,640,80,278,137,7,8,6,16,1,14
40622,Unterweitersdorf              ,1513,1280,84.6,27,1253,414,324,143,187,123,12,16,5,20,0,9
40623,Waldburg                      ,1073,896,83.5,35,861,225,327,85,138,50,6,10,4,5,0,11
40624,Wartberg ob der Aist          ,3217,2618,81.38,106,2512,915,550,271,428,236,23,35,16,13,1,24
40625,Weitersfelden                 ,878,735,83.71,17,718,175,332,49,86,55,1,2,8,4,1,5
40626,Windhaag bei Freistadt        ,1298,1059,81.59,60,999,248,432,63,160,72,5,2,3,7,0,7
40627,Bad Zell                      ,2168,1813,83.63,71,1742,341,622,204,333,181,16,15,12,11,1,6
40699,Wahlkarten Freistadt                     ,0,2388,0.0,56,2332,578,805,365,284,151,22,61,13,24,1,28
40700,Bezirk Gmunden                       ,78599,63533,80.83,1943,61590,20933,14346,6283,10395,6187,702,848,519,662,26,689
40701,Altmünster                    ,7733,5922,76.58,208,5714,1744,1480,645,897,624,79,79,32,68,0,66
40702,Bad Goisern                   ,6024,4465,74.12,147,4318,1925,554,298,630,595,42,46,63,106,4,55
40703,Bad Ischl                     ,11043,7649,69.27,214,7435,2379,1599,838,1350,829,92,121,95,55,3,74
40704,Ebensee                       ,6592,4987,75.65,162,4825,2164,823,453,686,446,59,55,49,29,1,60
40705,Gmunden                       ,10267,7336,71.45,187,7149,1926,1987,950,1162,725,72,130,42,63,4,88
40706,Gosau                         ,1553,1154,74.31,33,1121,545,212,50,160,96,11,7,6,17,0,17
40707,Grünau im Almtal              ,1665,1316,79.04,45,1271,427,352,110,240,81,13,10,7,13,1,17
40708,Gschwandt                     ,1980,1542,77.88,70,1472,409,400,136,274,164,16,13,3,35,1,21
40709,Hallstatt                     ,718,572,79.67,24,548,303,80,43,39,37,1,17,13,5,1,9
40710,Kirchham                      ,1513,1153,76.21,46,1107,209,460,78,220,94,9,8,6,11,0,12
40711,Laakirchen                    ,6983,5382,77.07,159,5223,2183,938,397,1014,464,56,50,40,34,1,46
40712,Obertraun                     ,586,475,81.06,17,458,246,73,26,49,35,4,2,13,3,0,7
40713,Ohlsdorf                      ,3810,2965,77.82,110,2855,935,673,281,548,265,20,32,17,44,1,39
40714,Pinsdorf                      ,2820,2194,77.8,70,2124,823,386,177,433,205,29,22,14,10,0,25
40715,Roitham                       ,1589,1267,79.74,53,1214,347,342,87,289,89,12,16,15,12,0,5
40716,St.Konrad                     ,845,674,79.76,18,656,165,247,52,96,58,9,5,5,10,0,9
40717,St.Wolfgang im Salzkammergut  ,2158,1523,70.57,45,1478,411,466,104,247,178,9,24,15,6,0,18
40718,Traunkirchen                  ,1381,1021,73.93,24,997,286,269,126,156,100,20,14,6,7,0,13
40719,Scharnstein                   ,3657,2789,76.26,88,2701,902,641,244,518,273,35,27,19,25,0,17
40720,Vorchdorf                     ,5682,4477,78.79,140,4337,1368,1016,407,891,436,61,36,30,55,6,31
40799,Wahlkarten Gmunden                       ,0,4670,0.0,83,4587,1236,1348,781,496,393,53,134,29,54,3,60
40800,Bezirk Grieskirchen                  ,49199,40610,82.54,1533,39077,9351,13400,3299,7785,3475,328,328,180,502,11,418
40801,Aistersheim                   ,646,517,80.03,23,494,112,204,27,101,38,3,4,3,1,0,1
40802,Bad Schallerbach              ,2683,2006,74.77,52,1954,614,505,169,400,183,17,26,10,15,1,14
40803,Bruck-Waasen                  ,1854,1425,76.86,68,1357,257,587,89,221,156,9,9,5,11,0,13
40804,Eschenau im Hausruckkreis     ,899,725,80.65,33,692,99,299,38,155,64,11,2,6,3,0,15
40805,Gallspach                     ,1868,1389,74.36,20,1369,399,301,104,363,116,9,11,5,46,1,14
40806,Gaspoltshofen                 ,2840,2069,72.85,117,1952,473,585,223,460,144,11,15,12,14,0,15
40807,Geboltskirchen                ,1104,839,76.0,44,795,233,266,65,131,69,0,5,5,18,0,3
40808,Grieskirchen                  ,3650,2852,78.14,89,2763,737,814,267,555,251,15,32,6,62,0,24
40809,Haag am Hausruck              ,1606,1248,77.71,45,1203,336,356,112,237,101,8,11,7,25,0,10
40810,Heiligenberg                  ,541,450,83.18,26,424,29,235,35,81,28,4,1,1,8,0,2
40811,Hofkirchen an der Trattnach   ,1169,917,78.44,41,876,192,295,53,207,76,9,8,4,17,0,15
40812,Kallham                       ,2064,1637,79.31,70,1567,408,520,109,307,163,12,8,9,15,0,16
40813,Kematen am Innbach            ,1022,758,74.17,18,740,180,196,48,213,76,6,3,8,6,0,4
40814,Meggenhofen                   ,1015,807,79.51,44,763,123,343,68,148,55,11,4,1,6,0,4
40815,Michaelnbach                  ,1026,774,75.44,29,745,132,360,35,113,76,4,4,4,7,0,10
40816,Natternbach                   ,1909,1500,78.58,62,1438,350,484,84,331,112,33,4,8,6,4,22
40817,Neukirchen am Walde           ,1309,1066,81.44,43,1023,196,440,60,182,110,10,1,6,8,0,10
40818,Neumarkt im Hausruckkreis     ,1156,845,73.1,24,821,289,185,54,201,60,5,10,5,7,0,5
40819,Peuerbach                     ,1755,1304,74.3,55,1249,263,419,126,237,154,11,8,6,13,0,12
40820,Pötting                       ,442,375,84.84,19,356,59,200,19,43,22,3,3,0,3,0,4
40821,Pollham                       ,733,603,82.26,26,577,96,220,74,103,51,3,6,1,13,0,10
40822,Pram                          ,1436,1060,73.82,33,1027,231,325,92,240,83,9,8,10,17,1,11
40823,Rottenbach                    ,831,667,80.26,40,627,145,183,30,154,78,6,10,2,12,0,7
40824,St.Agatha                     ,1728,1380,79.86,65,1315,241,599,69,227,130,14,7,3,8,0,17
40825,St.Georgen bei Grieskirchen   ,883,699,79.16,32,667,162,230,57,116,66,9,5,2,10,0,10
40826,St.Thomas                     ,361,292,80.89,9,283,29,121,25,59,31,10,1,2,3,0,2
40827,Schlüßlberg                   ,2369,1911,80.67,53,1858,633,414,127,416,190,9,16,2,25,1,25
40828,Steegen                       ,861,626,72.71,34,592,131,264,43,83,44,9,3,3,10,0,2
40829,Taufkirchen an der Trattnach  ,1650,1240,75.15,50,1190,259,385,67,314,116,7,4,7,17,1,13
40830,Tollet                        ,684,569,83.19,12,557,144,199,59,79,37,5,9,4,14,0,7
40831,Waizenkirchen                 ,2915,2300,78.9,73,2227,482,902,226,310,194,18,18,10,27,1,39
40832,Wallern an der Trattnach      ,2329,1837,78.88,46,1791,596,455,168,389,129,11,16,3,13,0,11
40833,Weibern                       ,1241,940,75.75,44,896,185,359,78,142,83,8,10,6,14,0,11
40834,Wendling                      ,620,500,80.65,26,474,62,218,30,109,38,2,2,7,2,0,4
40899,Wahlkarten Grieskirchen                  ,0,2483,0.0,68,2415,474,932,369,358,151,17,44,7,26,1,36
40900,Bezirk Kirchdorf an der Krems        ,42919,35289,82.22,922,34367,9952,10297,2997,6092,3377,297,418,205,363,10,359
40901,Edlbach                       ,525,405,77.14,8,397,91,159,21,42,68,2,4,3,3,0,4
40902,Grünburg                      ,2879,2234,77.6,59,2175,730,542,131,441,236,18,21,6,34,1,15
40903,Hinterstoder                  ,789,557,70.6,7,550,122,181,43,113,61,6,11,0,3,0,10
40904,Inzersdorf im Kremstal        ,1441,1155,80.15,40,1115,281,375,118,196,104,8,10,8,5,0,10
40905,Kirchdorf an der Krems        ,3091,2346,75.9,60,2286,785,501,284,369,234,19,39,16,21,0,18
40906,Klaus an der Pyhrnbahn        ,879,686,78.04,16,670,324,120,36,106,58,3,4,4,10,0,5
40907,Kremsmünster                  ,4734,3557,75.14,106,3451,834,1154,271,618,385,33,64,27,18,0,47
40908,Micheldorf in Oberösterreich  ,4550,3620,79.56,102,3518,1326,687,342,619,330,38,67,28,43,4,34
40909,Molln                         ,2813,2201,78.24,44,2157,757,536,183,374,179,28,22,8,36,0,34
40910,Nußbach                       ,1806,1457,80.68,48,1409,304,596,82,214,140,6,18,13,18,0,18
40911,Oberschlierbach               ,373,278,74.53,3,275,75,117,35,22,8,3,2,1,10,0,2
40912,Pettenbach                    ,3734,2895,77.53,88,2807,693,786,261,633,311,28,24,23,13,1,34
40913,Ried im Traunkreis            ,2026,1561,77.05,42,1519,298,575,104,318,166,9,11,11,15,1,11
40914,Rosenau am Hengstpaß          ,569,437,76.8,6,431,193,105,12,61,38,2,2,6,7,0,5
40915,Roßleithen                    ,1473,1139,77.33,26,1113,385,355,69,176,85,9,9,3,15,0,7
40916,St.Pankraz                    ,259,211,81.47,5,206,71,28,1,83,20,1,1,1,0,0,0
40917,Schlierbach                   ,2122,1660,78.23,40,1620,372,501,232,256,170,14,15,8,30,0,22
40918,Spital am Pyhrn               ,1739,1271,73.09,35,1236,442,352,53,244,105,6,11,6,11,0,6
40919,Steinbach am Ziehberg         ,661,520,78.67,15,505,108,192,37,112,33,1,8,4,3,0,7
40920,Steinbach an der Steyr        ,1586,1332,83.98,27,1305,328,473,70,239,148,9,5,4,15,1,13
40921,Vorderstoder                  ,650,470,72.31,16,454,94,169,22,91,52,11,0,4,5,0,6
40922,Wartberg an der Krems         ,2276,1776,78.03,50,1726,358,731,140,298,139,15,16,5,10,0,14
40923,Windischgarsten               ,1944,1439,74.02,43,1396,489,391,111,203,147,5,15,7,12,1,15
40999,Wahlkarten Kirchdorf an der Krems        ,0,2082,0.0,36,2046,492,671,339,264,160,23,39,9,26,1,22
41000,Bezirk Linz-Land                     ,103473,85004,82.15,1793,83211,30480,17042,8473,16024,7375,800,1230,461,575,34,717
41001,Allhaming                     ,810,674,83.21,16,658,208,247,45,88,46,1,8,2,8,0,5
41002,Ansfelden                     ,11181,8541,76.39,178,8363,3483,1096,625,1975,827,103,118,39,34,9,54
41003,Asten                         ,4689,3519,75.05,73,3446,1431,410,229,895,349,29,36,20,17,0,30
41004,Eggendorf im Traunkreis       ,596,496,83.22,3,493,150,156,21,82,59,10,7,3,3,0,2
41005,Enns                          ,8144,6108,75.0,104,6004,2268,1194,635,1140,516,68,79,38,12,3,51
41006,Hargelsberg                   ,958,786,82.05,20,766,227,248,59,139,55,11,5,8,4,0,10
41007,Hörsching                     ,4472,3418,76.43,90,3328,1102,576,335,807,342,49,36,21,19,0,41
41008,Hofkirchen im Traunkreis      ,1260,925,73.41,17,908,260,248,116,173,81,6,8,1,4,0,11
41009,Kematen an der Krems          ,1820,1481,81.37,40,1441,421,461,104,228,156,13,12,5,28,0,13
41010,Kirchberg-Thening             ,1905,1484,77.9,28,1456,569,262,178,257,119,7,32,9,7,0,16
41011,Kronstorf                     ,2464,1981,80.4,46,1935,740,388,140,399,185,12,21,7,9,0,34
41012,Leonding                      ,18657,13940,74.72,287,13653,4916,2823,1714,2279,1263,128,260,80,72,10,108
41013,St.Florian                    ,4687,3714,79.24,108,3606,1079,1098,405,583,306,32,44,12,22,1,24
41014,Neuhofen an der Krems         ,4444,3359,75.59,84,3275,1031,799,425,568,284,32,39,28,43,0,26
41015,Niederneukirchen              ,1525,1263,82.82,23,1240,366,455,100,185,93,9,16,3,7,0,6
41016,Oftering                      ,1540,1232,80.0,27,1205,440,281,108,227,100,10,17,7,6,0,9
41017,Pasching                      ,5037,3846,76.35,79,3767,1493,624,397,735,348,26,71,21,12,0,40
41018,Piberbach                     ,1439,1164,80.89,18,1146,419,274,90,210,87,8,16,5,29,1,7
41019,Pucking                       ,2919,2301,78.83,61,2240,765,432,170,528,230,31,25,17,16,1,25
41020,St.Marien                     ,3574,2917,81.62,74,2843,962,756,228,511,222,29,38,15,58,1,23
41021,Traun                         ,16943,12401,73.19,237,12164,5299,1682,950,2675,1043,105,143,78,90,2,97
41022,Wilhering                     ,4409,3531,80.09,83,3448,1014,997,510,488,279,25,66,17,26,2,24
41099,Wahlkarten Linz-Land                     ,0,5923,0.0,97,5826,1837,1535,889,852,385,56,133,25,49,4,61
41100,Bezirk Perg                          ,51216,44150,86.2,1341,42809,14779,12627,3200,7291,3271,340,359,196,367,19,360
41101,Allerheiligen im Mühlkreis    ,933,796,85.32,23,773,224,272,42,146,61,4,4,4,8,0,8
41102,Arbing                        ,1117,931,83.35,28,903,241,319,87,138,82,13,6,3,1,0,13
41103,Baumgartenberg                ,1254,1039,82.92,19,1020,224,384,56,234,84,7,7,4,6,0,14
41104,Dimbach                       ,840,726,86.43,24,702,201,297,29,91,55,2,1,3,11,1,11
41105,Grein                         ,2460,1988,80.81,60,1928,661,520,130,368,172,9,15,7,23,1,22
41106,Katsdorf                      ,2204,1814,82.3,46,1768,648,459,187,261,133,16,27,12,5,2,18
41107,Klam                          ,675,561,83.11,27,534,123,172,28,125,61,5,2,2,5,0,11
41108,Bad Kreuzen                   ,1761,1460,82.91,61,1399,167,717,69,278,116,9,8,4,17,1,13
41109,Langenstein                   ,2036,1641,80.6,34,1607,781,241,111,317,96,18,11,11,10,0,11
41110,Luftenberg an der Donau       ,3087,2448,79.3,47,2401,1064,381,189,467,210,20,31,10,8,2,19
41111,Mauthausen                    ,3697,2887,78.09,84,2803,1350,515,206,458,191,18,25,13,4,3,20
41112,Mitterkirchen im Machland     ,1372,1154,84.11,42,1112,353,430,72,157,72,9,4,2,8,0,5
41113,Münzbach                      ,1316,1086,82.52,53,1033,199,465,39,202,88,8,1,5,17,0,9
41114,Naarn im Machlande            ,2691,2282,84.8,72,2210,749,746,109,384,156,23,14,4,15,0,10
41115,Pabneukirchen                 ,1362,1106,81.2,39,1067,227,476,52,172,102,10,6,3,7,0,12
41116,Perg                          ,5777,4486,77.65,145,4341,1459,1197,393,769,365,47,33,21,32,2,23
41117,Rechberg                      ,716,611,85.34,15,596,97,345,33,49,35,2,0,1,26,1,7
41118,Ried in der Riedmark          ,3217,2645,82.22,67,2578,1063,701,198,364,160,16,29,14,13,0,20
41119,St.Georgen am Walde           ,1701,1374,80.78,69,1305,445,437,61,203,117,3,2,0,26,0,11
41120,St.Georgen an der Gusen       ,2949,2415,81.89,59,2356,1072,442,241,346,152,29,27,15,14,1,17
41121,St.Nikola an der Donau        ,609,507,83.25,10,497,156,203,29,65,32,2,3,4,2,0,1
41122,St.Thomas am Blasenstein      ,682,573,84.02,37,536,91,279,22,73,41,8,0,1,20,0,1
41123,Saxen                         ,1355,1186,87.53,40,1146,311,326,68,312,98,5,5,1,7,0,13
41124,Schwertberg                   ,4026,3237,80.4,83,3154,1384,605,283,582,202,18,29,22,8,2,19
41125,Waldhausen im Strudengau      ,2306,1957,85.05,63,1894,591,646,103,338,154,4,6,7,25,1,19
41126,Windhaag bei Perg             ,1073,903,84.16,38,865,160,376,58,114,97,14,8,10,20,0,8
41199,Wahlkarten Perg                          ,0,2337,0.0,56,2281,738,676,305,278,139,21,55,13,29,2,25
41200,Bezirk Ried im Innkreis              ,45769,36637,80.05,1185,35452,7624,11565,2921,8767,3014,343,319,182,326,13,378
41201,Andrichsfurt                  ,571,404,70.75,18,386,34,162,31,109,28,2,6,3,3,1,7
41202,Antiesenhofen                 ,825,606,73.45,12,594,158,160,43,109,105,2,5,6,0,0,6
41203,Aurolzmünster                 ,2319,1657,71.45,65,1592,396,354,81,492,186,34,12,12,9,1,15
41204,Eberschwang                   ,2667,2075,77.8,89,1986,589,483,143,515,173,21,11,13,17,1,20
41205,Eitzing                       ,587,459,78.19,12,447,106,144,31,115,25,4,1,5,3,0,13
41206,Geiersberg                    ,441,327,74.15,12,315,70,105,29,73,22,3,0,0,10,1,2
41207,Geinberg                      ,1045,788,75.41,27,761,148,219,49,245,59,7,5,8,12,0,9
41208,Gurten                        ,896,689,76.9,23,666,124,264,50,134,77,3,3,1,3,0,7
41209,Hohenzell                     ,1596,1224,76.69,48,1176,178,471,113,230,91,7,14,7,42,1,22
41210,Kirchdorf am Inn              ,469,387,82.52,7,380,74,177,17,73,27,4,1,1,1,0,5
41211,Kirchheim im Innkreis         ,548,447,81.57,21,426,65,172,27,112,28,4,2,5,6,1,4
41212,Lambrechten                   ,1028,800,77.82,24,776,116,328,37,227,42,4,2,4,5,0,11
41213,Lohnsburg am Kobernaußerwald  ,1831,1319,72.04,33,1286,219,487,61,352,103,20,5,6,23,0,10
41214,Mehrnbach                     ,1871,1408,75.25,44,1364,263,382,96,471,88,14,12,3,18,0,17
41215,Mettmach                      ,2028,1480,72.98,69,1411,353,390,52,391,165,20,7,7,15,2,9
41216,Mörschwang                    ,237,185,78.06,9,176,17,93,12,31,16,0,1,1,0,0,5
41217,Mühlheim am Inn               ,507,393,77.51,14,379,116,105,25,69,35,6,9,1,6,0,7
41218,Neuhofen im Innkreis          ,1731,1285,74.23,42,1243,298,412,113,270,93,7,12,2,21,0,15
41219,Obernberg am Inn              ,1210,798,65.95,14,784,201,200,50,216,95,6,3,1,1,0,11
41220,Ort im Innkreis               ,916,690,75.33,20,670,112,212,33,211,80,10,3,1,4,0,4
41221,Pattigham                     ,700,548,78.29,19,529,73,215,36,145,43,3,1,1,8,0,4
41222,Peterskirchen                 ,571,433,75.83,14,419,31,227,28,90,29,1,1,0,8,0,4
41223,Pramet                        ,804,624,77.61,17,607,130,191,38,176,47,7,6,7,0,0,5
41224,Reichersberg                  ,1077,803,74.56,36,767,167,280,58,181,58,4,5,1,3,1,9
41225,Ried im Innkreis              ,8551,6027,70.48,150,5877,1504,1467,700,1455,488,51,84,41,40,2,45
41226,St.Georgen b. Obernberg am Inn,476,372,78.15,16,356,39,193,46,49,21,1,3,2,1,0,1
41227,St.Marienkirchen am Hausruck  ,626,481,76.84,11,470,51,194,32,145,21,4,1,2,16,0,4
41228,St.Martin im Innkreis         ,1273,896,70.38,25,871,217,216,77,244,84,9,9,3,0,0,12
41229,Schildorn                     ,852,673,78.99,18,655,179,237,27,139,48,6,3,4,2,0,10
41230,Senftenbach                   ,575,472,82.09,26,446,84,181,27,108,31,2,7,2,0,0,4
41231,Taiskirchen im Innkreis       ,1930,1510,78.24,56,1454,281,628,112,282,102,14,5,8,8,1,13
41232,Tumeltsham                    ,1193,920,77.12,31,889,126,281,107,258,73,2,15,2,9,0,16
41233,Utzenaich                     ,1182,905,76.57,28,877,183,322,56,193,87,9,5,6,4,1,11
41234,Waldzell                      ,1703,1279,75.1,51,1228,353,417,78,243,96,13,5,5,6,0,12
41235,Weilbach                      ,486,370,76.13,14,356,42,165,25,79,39,3,1,2,0,0,0
41236,Wippenham                     ,447,375,83.89,17,358,91,137,21,80,21,3,0,0,0,0,5
41299,Wahlkarten Ried im Innkreis              ,0,2528,0.0,53,2475,436,894,360,455,188,33,54,9,22,0,24
41300,Bezirk Rohrbach                      ,45922,38393,83.6,1447,36946,7852,15258,3003,5884,3322,303,314,202,438,14,356
41301,Afiesl                        ,337,270,80.12,8,262,59,101,20,42,24,5,2,3,2,0,4
41302,Ahorn                         ,402,346,86.07,9,337,67,146,21,74,22,0,1,2,2,0,2
41303,Aigen im Mühlkreis            ,1549,1144,73.85,40,1104,264,407,98,186,115,7,12,5,4,0,6
41304,Altenfelden                   ,1748,1368,78.26,65,1303,307,419,95,271,145,19,12,8,16,0,11
41305,Arnreit                       ,882,747,84.69,35,712,99,373,52,85,85,1,1,2,4,0,10
41306,Atzesberg                     ,380,324,85.26,16,308,28,173,22,46,31,0,1,2,5,0,0
41307,Auberg                        ,422,330,78.2,10,320,38,160,28,48,29,4,0,2,7,0,4
41308,Berg bei Rohrbach             ,2124,1613,75.94,68,1545,305,597,155,240,163,12,15,5,28,0,25
41309,Haslach an der Mühl           ,2123,1605,75.6,59,1546,535,447,156,222,122,17,14,3,15,0,15
41310,Helfenberg                    ,808,681,84.28,33,648,145,263,44,101,57,9,10,5,1,0,13
41311,Hörbich                       ,318,266,83.65,9,257,21,152,7,43,20,1,1,1,5,0,6
41312,Hofkirchen im Mühlkreis       ,1188,898,75.59,36,862,193,367,90,122,51,11,4,5,11,0,8
41313,Julbach                       ,1321,1043,78.96,39,1004,343,323,42,156,97,7,6,9,11,0,10
41314,Kirchberg ob der Donau        ,859,709,82.54,16,693,181,266,46,109,62,6,6,7,3,1,6
41315,Klaffer am Hochficht          ,1037,820,79.07,25,795,250,257,30,165,71,2,1,4,4,0,11
41316,Kleinzell im Mühlkreis        ,1144,875,76.49,35,840,231,278,74,117,101,14,6,4,3,1,11
41317,Kollerschlag                  ,1196,943,78.85,51,892,158,377,28,203,72,5,3,1,39,1,5
41318,Lembach im Mühlkreis          ,1279,1001,78.26,45,956,210,381,75,157,71,11,24,8,13,1,5
41319,Lichtenau im Mühlkreis        ,451,359,79.6,26,333,56,161,17,56,31,1,1,1,6,1,2
41320,Nebelberg                     ,513,441,85.96,13,428,92,209,19,57,33,3,6,2,2,0,5
41321,Neufelden                     ,974,747,76.69,34,713,169,273,99,90,39,11,17,3,10,0,2
41322,Niederkappel                  ,845,672,79.53,46,626,113,311,25,97,54,6,3,4,9,0,4
41323,Niederwaldkirchen             ,1394,1138,81.64,39,1099,205,514,80,149,117,5,6,6,7,0,10
41324,Oberkappel                    ,542,403,74.35,19,384,55,200,17,55,32,10,2,1,6,1,5
41325,Oepping                       ,1299,992,76.37,33,959,175,400,80,168,94,14,7,3,7,1,10
41326,Peilstein im Mühlviertel      ,1310,1028,78.47,53,975,209,442,33,170,79,1,5,5,24,0,7
41327,Pfarrkirchen im Mühlkreis     ,1171,909,77.63,35,874,124,432,54,155,63,4,13,9,11,0,9
41328,Putzleinsdorf                 ,1238,951,76.82,24,927,118,425,64,147,111,2,12,6,35,0,7
41329,Neustift im Mühlkreis         ,1154,896,77.64,23,873,149,432,70,126,67,1,4,3,7,0,14
41330,Rohrbach in Oberösterreich    ,1959,1496,76.37,65,1431,299,519,189,218,130,12,14,13,21,0,16
41331,St.Johann am Wimberg          ,793,659,83.1,21,638,114,261,35,110,86,8,5,3,2,0,14
41332,St.Martin im Mühlkreis        ,2882,2302,79.88,76,2226,527,795,220,389,189,24,21,9,27,0,25
41333,St.Oswald bei Haslach         ,443,321,72.46,21,300,71,145,12,32,32,2,1,0,3,1,1
41334,St.Peter am Wimberg           ,1407,1111,78.96,38,1073,183,525,81,154,90,13,11,2,8,0,6
41335,St.Stefan am Walde            ,665,556,83.61,25,531,103,228,49,57,68,1,6,3,12,0,4
41336,St.Ulrich im Mühlkreis        ,485,393,81.03,11,382,60,180,47,48,29,7,1,5,2,1,2
41337,St.Veit im Mühlkreis          ,955,764,80.0,23,741,150,322,58,125,52,5,11,4,2,0,12
41338,Sarleinsbach                  ,1810,1448,80.0,53,1395,195,722,100,231,97,8,5,6,25,0,6
41339,Schlägl                       ,1104,839,76.0,20,819,227,314,55,115,89,2,2,4,6,0,5
41340,Schönegg                      ,436,364,83.49,14,350,94,141,16,58,37,1,0,0,0,0,3
41341,Schwarzenberg am Böhmerwald   ,513,390,76.02,16,374,81,162,5,77,44,0,1,2,1,0,1
41342,Ulrichsberg                   ,2462,1891,76.81,60,1831,424,686,141,335,182,9,7,23,10,2,12
41399,Wahlkarten Rohrbach                      ,0,2340,0.0,60,2280,425,972,354,278,139,22,34,9,22,3,22
41400,Bezirk Schärding                     ,44487,36003,80.93,1033,34970,7829,12488,2193,8115,2895,462,223,158,243,9,355
41401,Altschwendt                   ,512,427,83.4,11,416,92,165,29,78,40,3,3,1,4,0,1
41402,Andorf                        ,3921,2983,76.08,72,2911,874,881,140,696,222,33,19,11,9,1,25
41403,Brunnenthal                   ,1536,1131,73.63,39,1092,237,352,101,256,84,13,13,8,8,0,20
41404,Diersbach                     ,1288,997,77.41,23,974,205,365,67,199,95,22,3,4,6,0,8
41405,Dorf an der Pram              ,824,650,78.88,22,628,124,307,28,105,44,5,1,1,6,0,7
41406,Eggerding                     ,1014,809,79.78,37,772,129,303,33,206,77,5,3,1,5,0,10
41407,Engelhartszell                ,857,638,74.45,19,619,120,245,40,130,56,9,5,6,5,0,3
41408,Enzenkirchen                  ,1438,1110,77.19,40,1070,322,304,40,276,105,7,2,2,4,0,8
41409,Esternberg                    ,2229,1714,76.9,40,1674,229,676,72,442,146,53,7,10,13,0,26
41410,Freinberg                     ,1059,757,71.48,23,734,191,338,30,125,33,4,4,5,2,0,2
41411,Kopfing im Innkreis           ,1636,1192,72.86,53,1139,209,398,61,282,112,20,11,3,31,1,11
41412,Mayrhof                       ,214,179,83.64,13,166,16,102,6,35,3,2,1,0,0,0,1
41413,Münzkirchen                   ,2064,1537,74.47,56,1481,256,607,114,347,114,14,7,8,7,0,7
41414,Raab                          ,1835,1416,77.17,74,1342,229,406,105,406,139,23,13,3,3,0,15
41415,Rainbach im Innkreis          ,1192,930,78.02,15,915,179,357,53,198,85,12,2,2,8,0,19
41416,Riedau                        ,1544,1171,75.84,36,1135,380,276,64,286,96,6,5,9,8,0,5
41417,St.Aegidi                     ,1301,1028,79.02,49,979,121,446,51,251,79,10,2,4,7,1,7
41418,St.Florian am Inn             ,2414,1792,74.23,29,1763,518,462,105,465,126,26,12,11,14,0,24
41419,St.Marienkirchen bei Schärding,1465,1098,74.95,35,1063,185,369,56,319,89,18,8,12,0,0,7
41420,St.Roman                      ,1402,1105,78.87,30,1075,111,538,19,266,107,7,3,6,6,1,11
41421,St.Willibald                  ,922,724,78.52,34,690,153,246,21,164,89,6,2,3,1,0,5
41422,Schärding                     ,3884,2614,67.3,48,2566,810,625,222,647,155,24,29,12,10,1,31
41423,Schardenberg                  ,1741,1303,74.84,26,1277,191,570,64,247,129,17,5,5,32,1,16
41424,Sigharting                    ,635,538,84.72,9,529,79,245,17,97,70,3,4,1,7,0,6
41425,Suben                         ,961,713,74.19,16,697,204,233,38,136,56,10,13,1,1,0,5
41426,Taufkirchen an der Pram       ,2282,1742,76.34,61,1681,506,517,103,360,142,20,8,11,3,0,11
41427,Vichtenstein                  ,489,358,73.21,9,349,50,161,17,86,21,2,1,6,0,0,5
41428,Waldkirchen am Wesen          ,1054,879,83.4,32,847,175,335,37,198,71,10,0,1,3,2,15
41429,Wernstein am Inn              ,1215,939,77.28,17,922,243,354,44,182,62,15,2,1,10,0,9
41430,Zell an der Pram              ,1559,1213,77.81,33,1180,215,490,113,231,85,29,5,1,5,0,6
41499,Wahlkarten Schärding                     ,0,2316,0.0,32,2284,476,815,303,399,163,34,30,9,25,1,29
41500,Bezirk Steyr-Land                    ,47154,40323,85.51,1065,39258,11978,11591,3406,6224,4258,316,391,203,324,8,559
41501,Adlwang                       ,1293,994,76.88,24,970,169,380,75,196,104,12,9,0,9,0,16
41502,Aschach an der Steyr          ,1766,1377,77.97,32,1345,334,451,143,207,143,4,17,13,9,0,24
41503,Bad Hall                      ,3802,2820,74.17,92,2728,802,697,250,509,368,24,25,13,27,0,13
41504,Dietach                       ,2147,1742,81.14,35,1707,526,470,194,260,161,19,30,5,16,0,26
41505,Gaflenz                       ,1467,1181,80.5,35,1146,303,405,93,157,130,5,5,2,12,0,34
41506,Garsten                       ,5259,4171,79.31,118,4053,1183,1123,470,660,409,38,56,26,29,1,58
41507,Großraming                    ,2261,1925,85.14,55,1870,612,585,146,259,182,23,18,10,7,1,27
41508,Laussa                        ,1048,830,79.2,29,801,201,241,60,139,131,4,2,3,8,0,12
41509,Losenstein                    ,1375,1102,80.15,24,1078,380,297,85,163,113,16,3,3,4,0,14
41510,Maria Neustift                ,1339,1143,85.36,34,1109,175,518,45,184,144,5,3,4,13,0,18
41511,Pfarrkirchen bei Bad Hall     ,1694,1332,78.63,46,1286,396,353,95,243,156,10,10,9,5,0,9
41512,Reichraming                   ,1503,1274,84.76,25,1249,666,189,64,180,116,6,10,5,3,0,10
41513,Rohr im Kremstal              ,962,762,79.21,7,755,224,261,51,107,96,3,3,4,3,0,3
41514,St.Ulrich bei Steyr           ,2498,1965,78.66,58,1907,468,637,198,269,218,13,40,7,21,0,36
41515,Schiedlberg                   ,994,801,80.58,15,786,124,475,23,86,49,7,2,7,4,0,9
41516,Sierning                      ,7227,5838,80.78,139,5699,2173,1350,388,1010,556,47,39,38,41,3,54
41517,Ternberg                      ,2719,2161,79.48,74,2087,592,528,170,329,336,17,22,9,18,2,64
41518,Waldneukirchen                ,1723,1415,82.12,41,1374,315,540,71,218,150,8,9,6,33,0,24
41521,Wolfern                       ,2425,1967,81.11,46,1921,570,636,158,299,179,16,20,10,16,0,17
41522,Weyer  ,3652,2810,76.94,81,2729,1113,615,226,412,258,16,17,15,21,1,35
41599,Wahlkarten Steyr-Land                    ,0,2713,0.0,55,2658,652,840,401,337,259,23,51,14,25,0,56
41600,Bezirk Urfahr-Umgebung               ,64770,55303,85.38,1758,53545,13917,16800,6989,8209,4716,513,899,339,545,21,597
41601,Alberndorf in der Riedmark    ,3002,2419,80.58,85,2334,555,769,215,472,206,24,16,16,35,1,25
41602,Altenberg bei Linz            ,3451,2808,81.37,77,2731,548,1111,343,346,255,18,34,11,34,0,31
41603,Bad Leonfelden                ,3159,2520,79.77,121,2399,417,870,245,394,272,44,37,19,64,0,37
41604,Eidenberg                     ,1547,1251,80.87,44,1207,200,571,104,151,117,20,18,5,5,0,16
41605,Engerwitzdorf                 ,6590,5107,77.5,163,4944,1466,1127,624,921,534,52,62,35,69,2,52
41606,Feldkirchen an der Donau      ,4221,3445,81.62,99,3346,1038,921,320,544,366,27,57,21,18,3,31
41607,Gallneukirchen                ,4940,3811,77.15,98,3713,1085,883,761,527,244,34,74,21,51,2,31
41608,Goldwörth                     ,728,580,79.67,22,558,147,204,59,73,53,1,4,5,6,0,6
41609,Gramastetten                  ,3758,3002,79.88,102,2900,644,1103,343,441,230,26,54,12,20,1,26
41610,Haibach im Mühlkreis          ,660,551,83.48,24,527,140,198,48,75,40,1,10,5,2,0,8
41611,Hellmonsödt                   ,1721,1354,78.68,34,1320,375,376,168,221,114,16,16,12,10,0,12
41612,Herzogsdorf                   ,1936,1489,76.91,50,1439,303,585,86,240,157,17,16,10,5,2,18
41613,Kirchschlag bei Linz          ,1585,1242,78.36,50,1192,266,369,161,216,117,12,18,10,8,0,15
41614,Lichtenberg                   ,2119,1735,81.88,54,1681,408,573,256,234,130,11,31,6,17,3,12
41615,Oberneukirchen                ,2533,1997,78.84,87,1910,425,699,248,288,165,20,28,10,6,0,21
41616,Ottenschlag im Mühlkreis      ,403,315,78.16,13,302,86,107,19,56,23,3,0,0,0,0,8
41617,Ottensheim                    ,3579,2765,77.26,72,2693,706,717,542,352,228,36,53,18,13,1,27
41618,Puchenau                      ,3781,2757,72.92,72,2685,798,685,491,359,195,19,70,28,13,2,25
41619,Reichenau im Mühlkreis        ,953,782,82.06,18,764,190,262,94,123,42,2,14,2,16,0,19
41620,Reichenthal                   ,1121,905,80.73,29,876,193,373,63,129,79,8,11,5,7,0,8
41621,St.Gotthard im Mühlkreis      ,1048,867,82.73,31,836,225,262,98,153,61,8,5,5,4,0,15
41622,Schenkenfelden                ,1259,1014,80.54,44,970,180,395,77,149,121,6,8,5,12,0,17
41623,Sonnberg im Mühlkreis         ,639,535,83.72,30,505,100,187,48,86,60,3,1,8,3,0,9
41624,Steyregg                      ,3856,2996,77.7,64,2932,1127,598,309,514,232,19,52,18,22,0,41
41625,Vorderweißenbach              ,1623,1387,85.46,55,1332,239,584,88,226,131,7,10,5,32,0,10
41626,Walding                       ,3159,2521,79.8,88,2433,860,673,284,308,178,21,55,12,16,2,24
41627,Zwettl an der Rodl            ,1399,1120,80.06,25,1095,242,413,129,145,95,18,13,13,17,0,10
41699,Wahlkarten Urfahr-Umgebung               ,0,4028,0.0,107,3921,954,1185,766,466,271,40,132,22,40,2,43
41700,Bezirk Vöcklabruck                   ,100100,82492,82.41,2592,79900,21941,21402,7264,17941,7344,932,922,510,848,22,774
41701,Ampflwang im Hausruckwald     ,2803,2222,79.27,73,2149,1022,261,96,468,214,18,18,18,19,2,13
41702,Attersee                      ,1274,978,76.77,41,937,229,261,104,190,94,13,28,5,9,0,4
41703,Attnang-Puchheim              ,6341,4617,72.81,116,4501,1789,678,404,1069,378,45,44,31,35,1,27
41704,Atzbach                       ,924,768,83.12,33,735,98,309,51,185,53,4,6,7,17,0,5
41705,Aurach am Hongar              ,1242,1010,81.32,31,979,319,218,55,239,84,7,16,8,8,1,24
41706,Berg im Attergau              ,761,608,79.89,16,592,79,288,25,127,54,5,1,2,5,0,6
41707,Desselbrunn                   ,1297,1056,81.42,23,1033,303,339,87,187,77,8,6,7,16,0,3
41708,Fornach                       ,724,614,84.81,20,594,68,247,32,172,44,4,8,1,12,0,6
41709,Frankenburg am Hausruck       ,3942,3225,81.81,147,3078,945,699,197,859,230,70,20,16,24,0,18
41710,Frankenmarkt                  ,2697,1980,73.41,70,1910,479,538,107,472,216,25,14,20,26,0,13
41711,Gampern                       ,2016,1580,78.37,72,1508,304,461,140,357,175,18,13,11,13,1,15
41712,Innerschwand                  ,825,613,74.3,25,588,59,314,55,83,51,7,5,3,5,0,6
41713,Lenzing                       ,4027,3095,76.86,85,3010,1374,295,187,811,246,34,19,14,12,1,17
41714,Manning                       ,637,525,82.42,17,508,129,186,40,69,44,6,0,4,23,0,7
41715,Mondsee                       ,2375,1591,66.99,27,1564,323,489,178,276,207,22,23,11,12,1,22
41716,Neukirchen an der Vöckla      ,1985,1602,80.71,47,1555,316,470,142,383,161,17,13,6,38,0,9
41717,Niederthalheim                ,813,649,79.83,19,630,99,239,55,167,44,2,9,3,4,0,8
41718,Nußdorf am Attersee           ,869,617,71.0,23,594,80,229,44,160,55,7,10,2,3,0,4
41719,Oberhofen am Irrsee           ,1104,883,79.98,27,856,172,334,67,157,71,10,12,1,7,0,25
41720,Oberndorf bei Schwanenstadt   ,1123,872,77.65,27,845,245,227,72,195,83,5,4,3,3,0,8
41721,Oberwang                      ,1238,968,78.19,52,916,95,495,32,194,71,7,3,4,5,1,9
41722,Ottnang am Hausruck           ,3051,2368,77.61,100,2268,743,537,141,515,214,38,16,16,30,0,18
41723,Pfaffing                      ,1077,876,81.34,30,846,225,213,56,225,91,7,7,1,12,1,8
41724,Pilsbach                      ,499,425,85.17,13,412,104,159,36,67,32,1,2,0,3,0,8
41725,Pitzenberg                    ,402,289,71.89,6,283,66,80,21,79,22,4,3,2,4,1,1
41726,Pöndorf                       ,1823,1433,78.61,62,1371,356,440,64,329,131,6,8,5,7,2,23
41727,Puchkirchen am Trattberg      ,753,603,80.08,19,584,120,198,62,124,40,5,10,4,11,0,10
41728,Pühret                        ,472,393,83.26,15,378,80,137,32,93,21,3,4,1,4,0,3
41729,Redleiten                     ,381,293,76.9,5,288,75,90,7,72,33,6,2,0,0,0,3
41730,Redlham                       ,1115,882,79.1,35,847,255,246,74,182,55,9,6,6,5,0,9
41731,Regau                         ,4683,3701,79.03,117,3584,1084,755,304,847,408,45,24,25,50,0,42
41732,Rüstorf                       ,1573,1211,76.99,37,1174,388,254,96,299,90,7,12,5,13,0,10
41733,Rutzenham                     ,202,175,86.63,7,168,16,63,35,34,4,3,1,5,5,0,2
41734,St.Georgen im Attergau        ,2980,2233,74.93,65,2168,398,589,137,701,213,33,18,21,37,0,21
41735,St.Lorenz                     ,1637,1215,74.22,33,1182,178,485,120,182,154,10,29,5,1,0,18
41736,Schlatt                       ,1025,791,77.17,31,760,198,218,53,150,93,12,7,6,15,0,8
41737,Schörfling am Attersee        ,2584,1927,74.57,48,1879,543,395,204,476,192,14,25,12,9,0,9
41738,Schwanenstadt                 ,3045,2254,74.02,37,2217,680,487,237,505,207,21,25,13,21,0,21
41739,Seewalchen am Attersee        ,4134,3035,73.42,88,2947,839,636,300,754,255,37,43,25,26,1,31
41740,Steinbach am Attersee         ,682,521,76.39,16,505,120,193,37,79,56,8,8,0,0,0,4
41741,Straß im Attergau             ,1114,826,74.15,33,793,127,277,40,233,82,14,3,4,6,1,6
41742,Tiefgraben                    ,2667,1985,74.43,75,1910,324,711,169,377,237,17,25,5,8,2,35
41743,Timelkam                      ,4552,3607,79.24,116,3491,1255,591,326,812,341,41,39,20,30,1,35
41744,Ungenach                      ,1104,918,83.15,31,887,137,365,84,193,73,6,6,3,12,0,8
41745,Unterach am Attersee          ,1119,770,68.81,17,753,209,236,75,115,71,8,11,11,4,0,13
41746,Vöcklabruck                   ,9144,6508,71.17,164,6344,1909,1394,847,1267,559,65,121,46,84,2,50
41747,Vöcklamarkt                   ,3621,2808,77.55,96,2712,674,831,210,644,230,39,21,15,27,0,21
41748,Weißenkirchen im Attergau     ,754,595,78.91,29,566,84,234,30,130,50,7,4,1,22,0,4
41749,Weyregg am Attersee           ,1256,896,71.34,24,872,212,285,83,170,82,17,6,3,7,0,7
41750,Wolfsegg am Hausruck          ,1586,1191,75.09,40,1151,391,238,108,269,87,19,6,20,6,1,6
41751,Zell am Moos                  ,1128,868,76.95,41,827,115,343,84,140,97,15,3,1,12,0,17
41752,Zell am Pettenfirst           ,920,743,80.76,29,714,168,227,84,133,62,12,10,7,6,0,5
41799,Wahlkarten Vöcklabruck                   ,0,6079,0.0,142,5937,1341,1918,938,925,410,69,145,45,75,2,69
41800,Bezirk Wels-Land                     ,51175,42943,83.91,1054,41889,12380,10663,3561,9039,4401,373,476,202,313,15,466
41801,Aichkirchen                   ,415,348,83.86,9,339,41,149,15,94,29,4,1,1,0,0,5
41802,Bachmanning                   ,458,376,82.1,12,364,86,107,26,69,47,7,0,0,18,0,4
41803,Bad Wimsbach-Neydharting      ,1896,1523,80.33,57,1466,408,509,86,279,139,10,11,8,8,0,8
41804,Buchkirchen                   ,2995,2435,81.3,48,2387,830,528,208,480,229,22,23,15,29,0,23
41805,Eberstalzell                  ,1769,1430,80.84,37,1393,187,583,96,337,145,5,6,8,17,0,9
41806,Edt bei Lambach               ,1628,1265,77.7,22,1243,355,334,84,293,138,7,11,1,6,0,14
41807,Fischlham                     ,1056,892,84.47,14,878,214,338,53,165,75,8,7,4,3,1,10
41808,Gunskirchen                   ,4325,3423,79.14,71,3352,978,742,260,783,413,32,40,13,23,0,68
41809,Holzhausen                    ,564,446,79.08,13,433,128,131,28,86,44,2,7,3,2,0,2
41810,Krenglbach                    ,2351,1930,82.09,51,1879,630,422,173,375,210,8,29,9,10,1,12
41811,Lambach                       ,2443,1751,71.67,34,1717,546,369,169,380,177,17,12,10,14,1,22
41812,Marchtrenk                    ,8964,6948,77.51,183,6765,2803,958,509,1468,732,63,79,39,36,4,74
41813,Neukirchen bei Lambach        ,701,596,85.02,25,571,111,220,31,137,45,5,6,6,0,0,10
41814,Offenhausen                   ,1225,978,79.84,30,948,185,293,67,230,130,11,10,2,9,0,11
41815,Pennewang                     ,707,553,78.22,15,538,83,220,56,94,58,8,4,0,7,0,8
41816,Pichl bei Wels                ,2071,1691,81.65,57,1634,400,493,143,338,178,16,19,9,14,0,24
41817,Sattledt                      ,1781,1429,80.24,28,1401,384,461,67,302,123,12,17,5,16,0,14
41818,Schleißheim                   ,876,719,82.08,23,696,159,187,74,138,106,7,10,0,5,0,10
41819,Sipbachzell                   ,1389,1119,80.56,20,1099,224,395,76,227,122,12,12,4,11,0,16
41820,Stadl-Paura                   ,3705,2682,72.39,65,2617,993,339,200,721,264,24,18,20,13,2,23
41821,Steinerkirchen an der Traun   ,1807,1465,81.07,52,1413,245,622,101,247,144,8,11,8,8,0,19
41822,Steinhaus                     ,1500,1250,83.33,37,1213,246,342,73,416,104,7,11,3,4,0,7
41823,Thalheim bei Wels             ,4189,3171,75.7,63,3108,864,774,418,569,331,26,57,14,22,5,28
41824,Weißkirchen an der Traun      ,2360,1886,79.92,33,1853,643,415,171,372,183,19,17,11,13,0,9
41899,Wahlkarten Wels-Land                     ,0,2637,0.0,55,2582,637,732,377,439,235,33,58,9,25,1,36
